<?xml version="1.0" encoding="utf-8"?>
<ApplicationInstallerManifest>
   <DefaultInstallationDirectory>/Applications/cicada/</DefaultInstallationDirectory>
   <ApplicationName>cicada</ApplicationName>
   <ExecutableName>application/cicada.exe</ExecutableName>
   <GUID>a70e05c6-05b1-474f-8bad-88b28cedb1e1</GUID>
   <ApplicationIcon>default_icon_48.png</ApplicationIcon>
   <Logo>logo7519389193468654084.tmp</Logo>
   <Version>0.10.7</Version>
   <InstallationNotes>In the following directions, replace MR/v97 by the directory on the target machine where MATLAB is installed, or MR by the directory where the MATLAB Runtime is installed.

If the environment variable DYLD_LIBRARY_PATH is undefined, set it to the following string:

MR/v97/runtime/maci64:MR/v97/sys/os/maci64:MR/v97/bin/maci64

If it is defined, set it to the following:

${DYLD_LIBRARY_PATH}:MR/v97/runtime/maci64:MR/v97/sys/os/maci64:MR/v97/bin/maci64
</InstallationNotes>
   <AuthorOrganization>Woolcock Institute of Medical Research</AuthorOrganization>
   <Summary>Cicada is an open source software for analyzing actigraphy and data from other wearable devices.</Summary>
   <WelcomePanelText>cicada 0.10.7
Cicada is an open source software for analyzing actigraphy and data from other wearable devices.
Rick Wassing
rick.wassing@woolcock.org.au</WelcomePanelText>
   <MCRProducts>
      <MCRProduct>
         <ExternalProductIdentifier>35000</ExternalProductIdentifier>
      </MCRProduct>
      <MCRProduct>
         <ExternalProductIdentifier>35010</ExternalProductIdentifier>
      </MCRProduct>
      <MCRProduct>
         <ExternalProductIdentifier>35108</ExternalProductIdentifier>
      </MCRProduct>
      <MCRProduct>
         <ExternalProductIdentifier>35117</ExternalProductIdentifier>
      </MCRProduct>
      <MCRProduct>
         <ExternalProductIdentifier>35119</ExternalProductIdentifier>
      </MCRProduct>
   </MCRProducts>
</ApplicationInstallerManifest>