<?xml version="1.0" encoding="utf-8"?>
<ApplicationInstallerManifest>
   <DefaultInstallationDirectory>/Applications/Cicada/</DefaultInstallationDirectory>
   <ApplicationName>Cicada</ApplicationName>
   <ExecutableName>application/Cicada.exe</ExecutableName>
   <GUID>95dd13e4-945c-4803-afd2-c1ef933a29f1</GUID>
   <ApplicationIcon>default_icon_48.png</ApplicationIcon>
   <Logo>logo3129514327158630258.tmp</Logo>
   <Version>0.1.2</Version>
   <InstallationNotes>-----
Please refer to the documentation for a full description of the installation process at
https://cicada-actigraphy-suite.readthedocs.io</InstallationNotes>
   <Summary>Cicada is an open source software to analyse actigraphy and other wearable devices.</Summary>
   <WelcomePanelText>Cicada 0.1.2
Cicada is an open source software to analyse actigraphy and other wearable devices.

Version 0.1.2 (beta). 

Warning. Cicada is still in development. Anything may change at any time and the software should not be considered stable.

License. This work is licensed under a Creative Commons Attribution-ShareAlike 4.0 International License.

Acknowledgements. This work is developed by researchers from the Woolcock Institute of Medical Research, Sydney, Australia, with support from the University of Sydney and the Australian National Health and Research Council.

Rick Wassing
rick.wassing@sydney.edu.au</WelcomePanelText>
   <MCRProducts>
      <MCRProduct>
         <ExternalProductIdentifier>35000</ExternalProductIdentifier>
      </MCRProduct>
      <MCRProduct>
         <ExternalProductIdentifier>35010</ExternalProductIdentifier>
      </MCRProduct>
      <MCRProduct>
         <ExternalProductIdentifier>35108</ExternalProductIdentifier>
      </MCRProduct>
      <MCRProduct>
         <ExternalProductIdentifier>35112</ExternalProductIdentifier>
      </MCRProduct>
      <MCRProduct>
         <ExternalProductIdentifier>35117</ExternalProductIdentifier>
      </MCRProduct>
      <MCRProduct>
         <ExternalProductIdentifier>35119</ExternalProductIdentifier>
      </MCRProduct>
   </MCRProducts>
</ApplicationInstallerManifest>