<?xml version="1.0" encoding="utf-8"?>
<productAdditionalComps>
   <dependsOn>
      <component>
         <name>Cicada</name>
         <locale/>
         <platformList>
            <platform>maci64</platform>
         </platformList>
         <version>0.10.5</version>
      </component>
   </dependsOn>
   <isControllingProduct>true</isControllingProduct>
   <platform>maci64</platform>
   <productName>Cicada</productName>
   <productNumber>5000</productNumber>
   <productBaseCode>Cicada</productBaseCode>
   <productVersion>0.10.5</productVersion>
   <releaseFamily>R2019b</releaseFamily>
   <releaseDescription>R2019b</releaseDescription>
</productAdditionalComps>